id,y_true,score_a,score_b
0,0,0.300040501,0.000003799
1,0,0.341505580,0.000000645
2,0,0.151756571,0.000000004
3,0,0.330374960,0.000000077
4,0,0.204032645,0.000000250
5,0,0.325056171,0.000000131
6,0,0.322242305,0.000000086
7,0,0.375010650,0.000033198
8,0,0.253324441,0.000024961
9,0,0.152931174,0.000000171
10,0,0.317086796,0.000000255
11,0,0.342120135,0.000002826
12,0,0.170950080,0.000000012
13,0,0.525359685,0.003304864
14,0,0.263717575,0.000000008
15,0,0.382920156,0.000006857
16,0,0.317780069,0.000000139
17,0,0.247492812,0.000000125
18,0,0.336819314,0.000000489
19,0,0.303748720,0.000000071
20,0,0.275151784,0.000000008
21,0,0.280456285,0.000010048
22,0,0.213567559,0.000000149
23,0,0.296742736,0.000094620
24,0,0.446931984,0.000037198
25,0,0.410810514,0.000171786
26,0,0.383712625,0.000033407
27,0,0.324640911,0.000000725
28,0,0.423163590,0.000232718
29,0,0.358343632,0.000000471
30,0,0.002847831,0.000000000
31,0,0.352340344,0.000000339
32,0,0.397600779,0.000366510
33,0,0.303029319,0.000000422
34,0,0.241955586,0.000000001
35,0,0.203259743,0.000000020
36,0,0.295659756,0.000000482
37,0,0.264847118,0.000000200
38,0,0.335330574,0.000078620
39,0,0.404910301,0.000077271
40,0,0.328865483,0.000006295
41,0,0.320327027,0.000000023
42,0,0.242851698,0.000000412
43,0,0.199481819,0.000000007
44,0,0.341348111,0.000027126
45,0,0.174522003,0.000000001
46,0,0.422833861,0.000290166
47,0,0.442810706,0.000268018
48,0,0.306559540,0.000000081
49,0,0.248481580,0.000000008
50,0,0.286740150,0.000000180
51,0,0.310955099,0.000000393
52,0,0.350952179,0.000000128
53,0,0.291464549,0.000000936
54,0,0.385722817,0.000065491
55,0,0.313314860,0.000000245
56,0,0.219852372,0.000000075
57,0,0.372344611,0.000061105
58,0,0.416447691,0.000032611
59,0,0.280608284,0.000000035
60,0,0.348974293,0.000000058
61,0,0.371146507,0.000001193
62,0,0.226274915,0.000000029
63,0,0.305161097,0.000000333
64,0,0.496372836,0.002491324
65,0,0.015790093,0.000000209
66,0,0.311635539,0.000000075
67,0,0.004675278,0.000000000
68,0,0.307327409,0.000000132
69,0,0.401477187,0.000027328
70,0,0.335682851,0.000002548
71,0,0.378307197,0.000055071
72,0,0.312399618,0.000000018
73,0,0.303595382,0.000000159
74,1,0.973950523,0.999653179
75,0,0.321332696,0.000000421
76,0,0.183969845,0.000000000
77,0,0.341669355,0.000001362
78,0,0.035088049,0.000000006
79,0,0.313225670,0.000000053
80,0,0.372525560,0.000008921
81,0,0.257160876,0.000000860
82,0,0.305832195,0.000000057
83,0,0.314339577,0.000000256
84,0,0.332203237,0.000000124
85,0,0.062089395,0.000000007
86,0,0.001858130,0.000000019
87,0,0.387092175,0.000180967
88,0,0.335117923,0.000000233
89,0,0.290686125,0.000000014
90,0,0.410324531,0.000020531
91,1,0.920337731,0.940677052
92,0,0.282699435,0.000000002
93,0,0.207982931,0.000000090
94,1,0.999997305,0.999999997
95,0,0.313193310,0.000018426
96,1,0.999999977,1.000000000
97,0,0.320746124,0.000000148
98,0,0.060772552,0.000000001
99,0,0.296495622,0.000000021
100,0,0.265203730,0.000000139
101,0,0.325362278,0.000000391
102,0,0.328525118,0.000010729
103,1,0.238976581,0.000002087
104,0,0.401061242,0.000105131
105,0,0.337234236,0.000006675
106,0,0.435473927,0.000044145
107,0,0.196068100,0.000000014
108,0,0.266623861,0.000000009
109,0,0.132428381,0.000000003
110,0,0.341063800,0.000000230
111,0,0.347935817,0.000000187
112,0,0.289899786,0.000000003
113,0,0.245776834,0.000000158
114,0,0.221297193,0.000000152
115,0,0.339407972,0.000000543
116,1,0.999999971,1.000000000
117,0,0.284788103,0.000003478
118,0,0.216896703,0.000000016
119,0,0.188939012,0.000000149
120,0,0.317174917,0.000000744
121,0,0.313502193,0.000000116
122,0,0.310750693,0.000000118
123,0,0.216906962,0.000000011
124,0,0.373505876,0.000035867
125,0,0.198738722,0.000000000
126,0,0.251894643,0.000000009
127,0,0.314698670,0.000000087
128,0,0.223686972,0.000000685
129,0,0.319719805,0.000000396
130,0,0.323345917,0.000000332
131,0,0.292042537,0.000000044
132,0,0.319487552,0.000008228
133,1,1.000000000,1.000000000
134,0,0.315542313,0.000000008
135,0,0.260029933,0.000000016
136,0,0.326695010,0.000000009
137,0,0.344206503,0.000019499
138,0,0.359607849,0.000014177
139,0,0.383374627,0.000002752
140,0,0.325745220,0.000000061
141,0,0.335257098,0.000002256
142,0,0.244297862,0.000000706
143,0,0.301878926,0.000000718
144,0,0.369561828,0.000100058
145,0,0.410452196,0.000272169
146,0,0.406897292,0.000005487
147,0,0.569012180,0.000000005
148,0,0.344097055,0.000005745
149,0,0.166847327,0.000000002
150,0,0.333556060,0.000001018
151,0,0.338334002,0.000024533
152,0,0.197972243,0.000001221
153,0,0.392818952,0.000000983
154,0,0.367723532,0.000052064
155,0,0.392299708,0.000102388
156,0,0.307973592,0.000000009
157,1,0.321246250,0.000000361
158,0,0.319264758,0.000000090
159,0,0.287858058,0.000000013
160,0,0.349385592,0.000005975
161,1,0.424296677,0.000365023
162,1,0.502199738,0.004290176
163,0,0.332825756,0.000000123
164,0,0.258328084,0.000000005
165,0,0.308544114,0.000019244
166,0,0.368979064,0.000000067
167,0,0.321272133,0.000000462
168,0,0.350482658,0.000010999
169,0,0.403603425,0.000011770
170,0,0.191371004,0.000000004
171,0,0.325211142,0.000000044
172,0,0.262932868,0.000000020
173,0,0.284428420,0.000000006
174,0,0.184102976,0.000000170
175,1,0.999772631,0.999975035
176,0,0.263266323,0.000000065
177,0,0.701079752,0.725246271
178,0,0.707627962,0.689777778
179,1,0.938391101,0.992427572
180,0,0.294999908,0.000000088
181,0,0.176979119,0.000003931
182,1,0.708614842,0.839791866
183,1,0.999998532,0.999999988
184,0,0.127840635,0.000000021
185,0,0.275096391,0.000000044
186,0,0.317657306,0.000004989
187,1,0.745110427,0.392557659
188,1,0.431343705,0.000408933
189,1,1.000000000,1.000000000
190,0,0.283683723,0.000000154
191,0,0.399428151,0.000266344
192,1,0.354692579,0.000043563
193,0,0.316335872,0.000000253
194,0,0.374143824,0.000025570
195,0,0.326067399,0.000000129
196,0,0.266048903,0.000000167
197,1,0.999941942,0.999999823
198,0,0.308125123,0.000000032
199,0,0.399231244,0.000079263
200,0,0.382066433,0.000005181
201,0,0.409703304,0.000066269
202,1,0.943535803,0.958071183
203,0,0.379666008,0.000060694
204,1,0.933880244,0.992218878
205,0,0.255680356,0.000000067
206,0,0.534470693,0.014401260
207,0,0.363570642,0.000000316
208,1,0.574668535,0.012235727
209,1,0.999997312,0.999999999
210,0,0.351504980,0.000008941
211,0,0.282776949,0.000000015
212,1,1.000000000,1.000000000
213,0,0.390536762,0.000006976
214,0,0.306535967,0.000000493
215,1,0.534395479,0.037484354
216,1,0.428082760,0.000142589
217,1,0.610591717,0.045995381
218,0,0.322415871,0.000000048
219,0,0.173390446,0.000000046
220,1,0.970691704,0.982742563
221,0,0.352323057,0.000078567
222,1,1.000000000,1.000000000
223,0,0.333271033,0.000000122
224,0,0.758351530,0.596054380
225,0,0.140812945,0.000000009
226,0,0.383713775,0.000019327
227,0,0.384614397,0.000030144
228,0,0.596034621,0.001743570
229,0,0.355772719,0.000026789
230,0,0.197989883,0.000000003
231,0,0.320048988,0.000000040
232,0,0.360330651,0.000000014
233,0,0.425977376,0.000226419
234,0,0.267789787,0.000000024
235,0,0.314415487,0.000000112
236,0,0.283533404,0.000000089
237,0,0.346055558,0.000001102
238,0,0.361578266,0.000003138
239,0,0.086666592,0.000000153
240,1,1.000000000,1.000000000
241,1,0.482954300,0.004952243
242,1,1.000000000,1.000000000
243,0,0.291450405,0.000000403
244,0,0.374999823,0.000027872
245,0,0.275427378,0.000000065
246,0,0.265600405,0.000000146
247,0,0.390455441,0.000004846
248,0,0.217517262,0.000000002
249,0,0.323148661,0.000007602
250,0,0.303195954,0.000000044
251,0,0.372995877,0.000000420
252,0,0.317831579,0.000005373
253,0,0.354519475,0.000002922
254,0,0.666285919,0.001494723
255,1,0.996634205,0.999986141
256,0,0.242165306,0.000000123
257,1,0.999995184,0.999999914
258,0,0.342183938,0.000008723
259,0,0.296677457,0.000001333
260,0,0.296582001,0.000000092
261,0,0.352234616,0.000001466
262,1,0.464980075,0.003029087
263,1,1.000000000,1.000000000
264,0,0.001675826,0.000000000
265,0,0.331333039,0.000002818
266,0,0.351044717,0.000005746
267,0,0.306398213,0.000000094
268,0,0.272618220,0.000000418
269,0,0.343482700,0.000001522
270,0,0.377973226,0.000023378
271,1,0.993705232,0.999998919
272,0,0.398895896,0.000115673
273,1,0.725891517,0.545253070
274,1,0.543658065,0.051888402
275,1,0.999988085,0.999997992
276,0,0.334009295,0.000013592
277,0,0.279710481,0.000000104
278,0,0.362747857,0.000271184
279,0,0.358565769,0.000000912
280,0,0.391323841,0.000002943
281,0,0.722975329,0.428867507
282,0,0.360656386,0.000032273
283,0,0.266069913,0.000000029
284,0,0.260042597,0.000000198
285,0,0.346266938,0.000011499
286,1,0.282341337,0.000002459
287,0,0.353792362,0.000025931
288,1,0.985840716,0.995919461
289,0,0.394019245,0.000284428
290,0,0.318073057,0.000000420
291,0,0.316988423,0.000000213
292,0,0.355906041,0.000000446
293,0,0.338028312,0.000000688
294,0,0.339087817,0.000003540
295,0,0.302312809,0.000001917
296,0,0.329011334,0.000000385
297,0,0.503984213,0.000040280
298,0,0.263385907,0.000000103
299,0,0.267521973,0.000000077
300,1,0.519430698,0.005768874
301,0,0.277174402,0.000000029
302,0,0.533111266,0.000041343
303,0,0.366769612,0.000110692
304,0,0.261685950,0.000000004
305,0,0.327691231,0.000001049
306,0,0.312097554,0.000002452
307,0,0.661475164,0.018230977
308,0,0.305096329,0.000000276
309,0,0.223907420,0.000000012
310,1,1.000000000,1.000000000
311,1,0.617021023,0.529419917
312,1,0.999992999,0.999999999
313,0,0.165798086,0.000000002
314,0,0.352482385,0.000010207
315,0,0.403697395,0.000032685
316,0,0.320742479,0.000000453
317,0,0.431420972,0.000607744
318,0,0.355936209,0.000011239
319,0,0.284896484,0.000000033
320,0,0.351738048,0.000000376
321,0,0.283608420,0.000000036
322,0,0.183623358,0.000000037
323,0,0.235307013,0.000000080
324,0,0.288580618,0.000000212
325,1,0.985581745,0.999855043
326,1,0.985193461,0.998088315
327,0,0.660788174,0.000165697
328,0,0.414005063,0.000122605
329,1,1.000000000,1.000000000
330,0,0.245612191,0.000000834
331,0,0.351287228,0.000000671
332,0,0.274711714,0.000000036
333,0,0.210350404,0.000000001
334,0,0.352676786,0.000004268
335,0,0.354150518,0.000000721
336,0,0.348882303,0.000003127
337,0,0.251844120,0.000002953
338,0,0.313817589,0.000000013
339,0,0.195800608,0.000000008
340,0,0.282828023,0.000000099
341,0,0.106015823,0.000000000
342,0,0.335872427,0.000006842
343,0,0.295164160,0.000000163
344,0,0.291290195,0.000000025
345,0,0.279661695,0.000000463
346,0,0.196840006,0.000000027
347,0,0.345576275,0.000001025
348,0,0.332374342,0.000000120
349,0,0.299512757,0.000000085
350,0,0.313406180,0.000000093
351,0,0.320859386,0.000001576
352,0,0.277959046,0.000000038
353,0,0.318698541,0.000000935
354,0,0.297229085,0.000000296
355,0,0.340676760,0.000000060
356,0,0.270544514,0.000000129
357,0,0.251260865,0.000000050
358,0,0.295948125,0.000000897
359,0,0.240187321,0.000000002
360,0,0.323285586,0.000000084
361,0,0.389088471,0.000003299
362,0,0.223040669,0.000001638
363,0,0.327772580,0.000000218
364,0,0.356973214,0.000058395
365,0,0.287844074,0.000000071
366,0,0.358183858,0.000000633
367,0,0.342415893,0.000000579
368,0,0.373463596,0.000101965
369,0,0.250027002,0.000000455
370,0,0.285149714,0.000000133
371,0,0.304101955,0.000003109
372,0,0.307792876,0.000000091
373,0,0.367295897,0.000006450
374,0,0.288840150,0.000000009
375,0,0.363998312,0.000006027
376,0,0.383868573,0.000007229
377,0,0.301046168,0.000000089
378,0,0.311782267,0.000000008
379,0,0.072595880,0.000001887
380,0,0.339417146,0.000000069
381,0,0.346408646,0.000006151
382,0,0.429979170,0.000190882
383,0,0.340448745,0.000000721
384,0,0.340893401,0.000002077
385,0,0.318015639,0.000002246
386,0,0.326601103,0.000000321
387,0,0.318451707,0.000000247
388,0,0.138102384,0.000000224
389,0,0.309799457,0.000000008
390,0,0.421737972,0.000353206
391,0,0.232799110,0.000001587
392,0,0.250459287,0.000000460
393,0,0.460982728,0.000354239
394,0,0.432067767,0.000518731
395,0,0.427093011,0.000081967
396,0,0.244453052,0.000000092
397,0,0.337579274,0.000000463
398,0,0.327605561,0.000000295
399,0,0.382283002,0.000019081
400,0,0.501024552,0.000072706
401,0,0.541446117,0.000214279
402,0,0.375291729,0.000000136
403,0,0.562927180,0.000774555
404,0,0.368365585,0.000003553
405,0,0.538321376,0.007552251
406,1,0.079458673,0.000000161
407,0,0.470054029,0.003340240
408,0,0.548257441,0.000520068
409,0,0.352857964,0.000022947
410,0,0.299517767,0.000001434
411,0,0.256653541,0.000000801
412,0,0.342699096,0.000001734
413,0,0.366598613,0.000007444
414,0,0.276983829,0.000000747
415,0,0.249534580,0.000000006
416,0,0.321056219,0.000002901
417,1,0.999954331,0.999999997
418,0,0.310397370,0.000002456
419,0,0.362516800,0.000027366
420,0,0.211322213,0.000000017
421,1,0.999990263,0.999999988
422,0,0.330000262,0.000012802
423,0,0.383069179,0.000093129
424,0,0.523062240,0.000889001
425,0,0.320965077,0.000000231
426,1,0.978067557,0.999992969
427,1,0.880271520,0.980279175
428,0,0.365809218,0.000001291
429,0,0.325761233,0.000000081
430,0,0.331817148,0.000000585
431,0,0.212531223,0.000000153
432,1,0.998795957,0.999744302
433,0,0.280627374,0.000000353
434,0,0.263123088,0.000000001
435,0,0.373325095,0.000056022
436,0,0.350113140,0.000000837
437,0,0.434356448,0.000479128
438,0,0.324821130,0.000000148
439,0,0.331563079,0.000000115
440,0,0.277265891,0.000000168
441,0,0.440906778,0.001033996
442,0,0.378843944,0.000069252
443,0,0.283721671,0.000001507
444,0,0.280168673,0.000000306
445,0,0.396794467,0.000063325
446,1,1.000000000,1.000000000
447,0,0.300956483,0.000013994
448,0,0.394019537,0.000124695
449,1,0.999686603,0.999999987
450,0,0.475268126,0.000022149
451,0,0.148231885,0.000000048
452,1,0.995485988,0.999999608
453,0,0.263646482,0.000000002
454,0,0.290959770,0.000000014
455,0,0.347849751,0.000001749
456,0,0.350595992,0.000000736
457,1,0.353330164,0.000027519
458,0,0.346955535,0.000002851
459,0,0.335301687,0.000005774
460,0,0.362967153,0.000005562
461,0,0.469386262,0.001763039
462,0,0.340946721,0.000000755
463,0,0.320319777,0.000000400
464,0,0.272887022,0.000000178
465,0,0.349580403,0.000000928
466,0,0.308930818,0.000000464
467,0,0.284363363,0.000000085
468,0,0.335685226,0.000000143
469,0,0.294560719,0.000005539
470,0,0.302791783,0.000001081
471,0,0.684557751,0.000015368
472,1,0.537089032,0.006986554
473,0,0.429281099,0.000402152
474,1,1.000000000,1.000000000
475,1,1.000000000,1.000000000
476,0,0.130379849,0.000000000
477,0,0.233463356,0.000001385
478,0,0.314838822,0.000000176
479,0,0.085280061,0.000000001
480,0,0.330992784,0.000000054
481,0,0.236953950,0.000000028
482,0,0.320229821,0.000000749
483,0,0.311879149,0.000000062
484,0,0.380905239,0.000036153
485,0,0.174854153,0.000000009
486,0,0.315409595,0.000000153
487,0,0.281920274,0.000000024
488,0,0.326531086,0.000004561
489,0,0.242555100,0.000000004
490,0,0.311258914,0.000002547
491,0,0.344062821,0.000007811
492,0,0.286655681,0.000000037
493,0,0.332626925,0.000001568
494,0,0.316689567,0.000000527
495,0,0.335884707,0.000000265
496,0,0.212491392,0.000000121
497,0,0.321372293,0.000000019
498,0,0.369686546,0.000025332
499,0,0.165469703,0.000000011
500,0,0.284138293,0.000000152
501,0,0.453630654,0.000033350
502,0,0.374368667,0.000003858
503,0,0.336109558,0.000002056
504,0,0.322590470,0.000001555
505,0,0.373475919,0.000026484
506,1,0.939136581,0.999855892
507,0,0.272270329,0.000000005
508,0,0.277936547,0.000000028
509,0,0.020157673,0.000000022
510,0,0.259272386,0.000006526
511,0,0.357121412,0.000022137
512,0,0.279389527,0.000000008
513,0,0.332599625,0.000002948
514,0,0.320031772,0.000000526
515,0,0.144631541,0.000000040
516,0,0.358529249,0.000024970
517,0,0.366307410,0.000001872
518,0,0.385375903,0.000065067
519,1,0.382478087,0.000023797
520,0,0.273247241,0.000000042
521,0,0.377609639,0.000074106
522,0,0.277935891,0.000000151
523,0,0.506153097,0.002698138
524,0,0.291451575,0.000000027
525,0,0.261417631,0.000000195
526,0,0.304074005,0.000000104
527,0,0.309716087,0.000000818
528,0,0.310320746,0.000000107
529,0,0.274490954,0.000000367
530,0,0.291711058,0.000000139
531,0,0.225776601,0.000000232
532,0,0.297555471,0.000000097
533,0,0.288977386,0.000000471
534,1,0.667641185,0.579520958
535,0,0.245701353,0.000000007
536,0,0.463805553,0.000183894
537,1,0.997392826,0.999998202
538,1,0.610660338,0.137840593
539,0,0.302538707,0.000000011
540,0,0.303182540,0.000000043
541,0,0.285702617,0.000000019
542,0,0.294679054,0.000000158
543,1,0.999999999,1.000000000
544,0,0.292142563,0.000000870
545,0,0.302066404,0.000000355
546,1,0.499819535,0.007236266
547,0,0.264943731,0.000000014
548,0,0.264658999,0.000000012
549,0,0.414706549,0.000372969
550,0,0.325554899,0.000000100
551,0,0.390718078,0.000000097
552,0,0.402413956,0.000001412
553,0,0.255458947,0.000000052
554,0,0.283737582,0.000000009
555,0,0.252426959,0.000000023
556,0,0.411025556,0.000000316
557,0,0.287694916,0.000000020
558,0,0.320433260,0.000001567
559,0,0.069509089,0.000000366
560,0,0.342485736,0.000010029
561,0,0.296720700,0.000000002
562,0,0.313192944,0.000000174
563,1,0.999999208,1.000000000
564,0,0.332650020,0.000000020
565,0,0.383453363,0.000014622
566,1,0.980031389,0.999992799
567,0,0.243885129,0.000000001
568,1,0.999999983,1.000000000
569,0,0.698186550,0.104075074
570,0,0.288804315,0.000000025
571,0,0.268999661,0.000000262
572,0,0.239848823,0.000015958
573,1,1.000000000,1.000000000
574,0,0.325415566,0.000001174
575,0,0.072302765,0.000000129
576,0,0.310423053,0.000004045
577,0,0.289500482,0.000000034
578,0,0.301483788,0.000000081
579,0,0.215262997,0.000001380
580,0,0.334640250,0.000000008
581,0,0.341395123,0.000000781
582,0,0.483242439,0.003721296
583,0,0.314420707,0.000000470
584,0,0.311674904,0.000000827
585,0,0.318475767,0.000024223
586,0,0.311164947,0.000000042
587,0,0.344174812,0.000000022
588,0,0.197713235,0.000003216
589,0,0.325475589,0.000000926
590,0,0.312456751,0.000000515
591,0,0.294063225,0.000000048
592,0,0.418700501,0.000373064
593,0,0.714900750,0.000271048
594,0,0.327046312,0.000003400
595,0,0.214876092,0.000000001
596,0,0.225841796,0.000000616
597,0,0.330295909,0.000000630
598,0,0.347843410,0.000001169
599,0,0.592856159,0.062505944
600,0,0.262365344,0.000000046
601,1,0.931913795,0.935026564
602,0,0.314025818,0.000000087
603,0,0.254780642,0.000000035
604,0,0.304714857,0.000000107
605,0,0.571683298,0.000029250
606,0,0.332110709,0.000000278
607,0,0.376924635,0.000021473
608,0,0.338897534,0.000003121
609,1,0.957451454,0.996348318
610,1,0.568646298,0.044260869
611,0,0.415743465,0.000007138
612,0,0.361413167,0.000005787
613,0,0.013375737,0.000000214
614,1,0.999999583,1.000000000
615,0,0.309154637,0.000000442
616,0,0.282231562,0.000000031
617,0,0.116091132,0.000000001
618,0,0.318587770,0.000001227
619,0,0.539201857,0.007439589
620,0,0.339329009,0.000000756
621,1,0.999999996,1.000000000
622,1,0.999449707,0.999999964
623,1,1.000000000,1.000000000
624,0,0.215041836,0.000000255
625,1,0.394015816,0.000021044
626,0,0.169452431,0.000000007
627,0,0.373612549,0.000000169
628,0,0.277856454,0.000000164
629,0,0.188009118,0.000000043
630,1,1.000000000,1.000000000
631,0,0.312941977,0.000000021
632,0,0.305123203,0.000000165
633,0,0.246907035,0.000000153
634,0,0.261126831,0.000000277
635,0,0.000932318,0.000000000
636,0,0.286047635,0.000000086
637,0,0.215186951,0.000000003
638,0,0.351860114,0.000003718
639,0,0.049441749,0.000000000
640,0,0.288377370,0.000000038
641,1,0.999077024,0.999998573
642,0,0.300750321,0.000005308
643,0,0.336761747,0.000002037
644,0,0.097431269,0.000000005
645,1,1.000000000,1.000000000
646,0,0.350387434,0.000038525
647,0,0.318014292,0.000000886
648,1,1.000000000,1.000000000
649,0,0.353725322,0.000003400
650,1,0.999999870,1.000000000
651,0,0.374025126,0.000002473
652,0,0.278214116,0.000003452
653,0,0.382407180,0.000001881
654,0,0.377436408,0.000094410
655,0,0.038179942,0.000000014
656,0,0.613089650,0.015785506
657,0,0.331818325,0.000005759
658,0,0.533973029,0.008062134
659,0,0.081089214,0.000000000
660,0,0.385273198,0.000000046
661,1,0.736720326,0.509987817
662,0,0.713265681,0.000000472
663,0,0.282082929,0.000004070
664,0,0.701783197,0.670866348
665,0,0.303245334,0.000000498
666,0,0.334699833,0.000000201
667,0,0.278688246,0.000000001
668,0,0.129262132,0.000000001
669,0,0.290301002,0.000000187
670,0,0.320959192,0.000005632
671,0,0.320048310,0.000001335
672,0,0.307017766,0.000001559
673,0,0.423089330,0.000453717
674,0,0.308919014,0.000000146
675,0,0.151092039,0.000000063
676,0,0.342395581,0.000000002
677,0,0.283730409,0.000000006
678,0,0.728344758,0.000001188
679,0,0.306970548,0.000000167
680,0,0.410340640,0.000223261
681,0,0.308594773,0.000000034
682,0,0.490173003,0.002364152
683,0,0.232453119,0.000014038
684,0,0.375758680,0.000009364
685,0,0.593614196,0.276510439
686,0,0.278504499,0.000000430
687,0,0.213289044,0.000000005
688,0,0.329324966,0.000000038
689,0,0.426422186,0.000519843
690,0,0.273181975,0.000000012
691,0,0.304792323,0.000000068
692,0,0.399411758,0.000080152
693,0,0.242508741,0.000000733
694,0,0.278864496,0.000000025
695,0,0.349620952,0.000006117
696,0,0.324739342,0.000009498
697,0,0.304551631,0.000000125
698,0,0.393798473,0.000002474
699,0,0.327219940,0.000000499
700,0,0.316734664,0.000000069
701,0,0.306869500,0.000000018
702,0,0.348286439,0.000000282
703,0,0.293455839,0.000000246
704,0,0.338783484,0.000000118
705,0,0.362081792,0.000002232
706,0,0.278171218,0.000000100
707,0,0.362401544,0.000029446
708,0,0.338459799,0.000036863
709,0,0.599510999,0.024449882
710,0,0.315842276,0.000000377
711,0,0.338981304,0.000000723
712,0,0.368537170,0.000042830
713,0,0.326400794,0.000023782
714,0,0.291841708,0.000000256
715,0,0.265883556,0.000000147
716,0,0.044862510,0.000000001
717,0,0.116907062,0.000000010
718,0,0.399317580,0.000005125
719,0,0.260888666,0.000000030
720,0,0.334894871,0.000001575
721,0,0.471940110,0.000765446
722,0,0.325336870,0.000000093
723,0,0.262377906,0.000002438
724,0,0.298523002,0.000000128
725,0,0.338405242,0.000002037
726,0,0.343807624,0.000000309
727,0,0.280892371,0.000000007
728,0,0.221706714,0.000000020
729,0,0.240986611,0.000000019
730,0,0.308214261,0.000000020
731,0,0.127085519,0.000000126
732,0,0.269357074,0.000000019
733,0,0.321835968,0.000001924
734,0,0.423686531,0.000457927
735,0,0.341784307,0.000005819
736,0,0.338565256,0.000000002
737,0,0.252905376,0.000000051
738,0,0.204381499,0.000000048
739,0,0.316157009,0.000005940
740,0,0.376008513,0.000010412
741,0,0.318760419,0.000000082
742,0,0.363640491,0.000003971
743,0,0.386266940,0.000003111
744,0,0.303662800,0.000001037
745,0,0.352455063,0.000024597
746,0,0.094904934,0.000000000
747,0,0.376661912,0.000002247
748,0,0.543779743,0.000224508
749,0,0.270009215,0.000000317
750,0,0.575953925,0.000001349
751,0,0.045739074,0.000000128
752,0,0.315468274,0.000004056
753,0,0.426339805,0.000015349
754,0,0.190038569,0.000000019
755,0,0.353797291,0.000002656
756,0,0.328202450,0.000001655
757,0,0.521876768,0.000028792
758,0,0.427338791,0.000021394
759,0,0.199290060,0.000000013
760,0,0.446869339,0.000222113
761,0,0.353803908,0.000000268
762,1,0.999985344,0.999999953
763,0,0.259270004,0.000000352
764,0,0.026973543,0.000000000
765,0,0.318362580,0.000000236
766,0,0.325640048,0.000024729
767,0,0.275710032,0.000000006
768,0,0.395734975,0.000000549
769,0,0.235380608,0.000000034
770,0,0.273181125,0.000000008
771,0,0.173835409,0.000000058
772,0,0.303321022,0.000000264
773,0,0.334209034,0.000000585
774,0,0.318752976,0.000000274
775,0,0.347416832,0.000000511
776,0,0.325405520,0.000000151
777,0,0.416081989,0.000044521
778,0,0.355409072,0.000000270
779,0,0.057571945,0.000000001
780,0,0.299836541,0.000000031
781,0,0.317294399,0.000000105
782,0,0.317803571,0.000000999
783,0,0.380150905,0.000034719
784,1,0.926366325,0.992434971
785,0,0.310919479,0.000000502
786,0,0.310655716,0.000001269
787,0,0.440206544,0.000064296
788,0,0.448389676,0.000161900
789,0,0.499576188,0.002485391
790,0,0.050701607,0.000001463
791,0,0.169014094,0.000002860
792,0,0.208941824,0.000000078
793,0,0.326083930,0.000001119
794,0,0.470424008,0.001200229
795,0,0.291826942,0.000000708
796,0,0.362260594,0.000020448
797,0,0.355833866,0.000000333
798,0,0.287372554,0.000000051
799,0,0.237465060,0.000000043
800,0,0.542171107,0.005095268
801,0,0.209830181,0.000004404
802,0,0.792546077,0.000000105
803,0,0.375364361,0.000000350
804,0,0.333340227,0.000002129
805,0,0.274816375,0.000000184
806,0,0.425041962,0.000051597
807,0,0.247652053,0.000000030
808,0,0.236926904,0.000000035
809,0,0.218888161,0.000000211
810,0,0.318654783,0.000000031
811,0,0.229776514,0.000000068
812,0,0.318761591,0.000000076
813,0,0.271837109,0.000000118
814,0,0.308902886,0.000000278
815,0,0.441092705,0.000030342
816,0,0.317611322,0.000000970
817,0,0.297011989,0.000000198
818,0,0.387311861,0.000126592
819,0,0.273502577,0.000001027
820,0,0.283564901,0.000000097
821,0,0.043666792,0.000000000
822,0,0.039599717,0.000000000
823,0,0.225177011,0.000000042
824,0,0.516117937,0.000021068
825,0,0.247914417,0.000001118
826,0,0.249563155,0.000000103
827,0,0.282605772,0.000000066
828,0,0.308824684,0.000001148
829,0,0.309377086,0.000000667
830,0,0.322562714,0.000000044
831,0,0.429929816,0.000239376
832,0,0.281159787,0.000000066
833,0,0.218598576,0.000000192
834,0,0.458285489,0.000123988
835,0,0.820943129,0.000000652
836,0,0.448013258,0.001043781
837,0,0.347256912,0.000000028
838,0,0.181124381,0.000000437
839,0,0.315492164,0.000002703
840,0,0.227301487,0.000000028
841,0,0.305088614,0.000000059
842,0,0.324080356,0.000001320
843,0,0.305724057,0.000000034
844,0,0.320201902,0.000004876
845,0,0.311353407,0.000000467
846,0,0.229005509,0.000000018
847,0,0.293059315,0.000000144
848,1,0.622858758,0.403253722
849,0,0.271696302,0.000000098
850,0,0.193845015,0.000000019
851,0,0.284840651,0.000000012
852,0,0.256625177,0.000000252
853,0,0.197608047,0.000000010
854,0,0.180534739,0.000000796
855,0,0.281018255,0.000000031
856,0,0.344029359,0.000000011
857,0,0.300259826,0.000000028
858,0,0.277479328,0.000000176
859,0,0.305096975,0.000000107
860,0,0.294163900,0.000000040
861,0,0.345231704,0.000000176
862,0,0.332336023,0.000000110
863,0,0.285967527,0.000002421
864,0,0.304548431,0.000000757
865,0,0.036735710,0.000001359
866,0,0.286979935,0.000000070
867,0,0.402504137,0.000109203
868,0,0.236218335,0.000000017
869,0,0.320248501,0.000004117
870,0,0.318334607,0.000000142
871,0,0.295420441,0.000000072
872,0,0.244633195,0.000000048
873,0,0.329035108,0.000000222
874,0,0.265964462,0.000001824
875,0,0.158926339,0.000000012
876,0,0.278359304,0.000000048
877,0,0.301462602,0.000000137
878,0,0.379560655,0.000001927
879,0,0.509546754,0.000000101
880,0,0.243982114,0.000000019
881,0,0.254340665,0.000000020
882,0,0.250573788,0.000000049
883,1,0.961617644,0.999981323
884,0,0.325924607,0.000000392
885,0,0.371046685,0.000058261
886,0,0.300555655,0.000000027
887,0,0.099079437,0.000000000
888,0,0.196863308,0.000000014
889,0,0.319506247,0.000000478
890,0,0.134912534,0.000000041
891,0,0.336753530,0.000000158
892,0,0.348164980,0.000001708
893,0,0.389088973,0.000093302
894,0,0.314845078,0.000000032
895,0,0.302115359,0.000000884
896,0,0.307706774,0.000001471
897,0,0.000785606,0.000000001
898,0,0.123137921,0.000000013
899,0,0.332887191,0.000000030
900,0,0.297910750,0.000000198
901,0,0.179159663,0.000000007
902,0,0.146598918,0.000000006
903,0,0.223216584,0.000000003
904,0,0.644248840,0.000000876
905,0,0.304515646,0.000000536
906,0,0.623064500,0.003747307
907,0,0.213504925,0.000000012
908,0,0.327935814,0.000001675
909,0,0.319829513,0.000000051
910,0,0.335751986,0.000000178
911,0,0.452203750,0.000039463
912,0,0.289521753,0.000000318
913,0,0.295156845,0.000024960
914,0,0.261968580,0.000000062
915,0,0.297135085,0.000000260
916,0,0.287827629,0.000000046
917,0,0.393792711,0.000130320
918,0,0.246539899,0.000000004
919,0,0.237823772,0.000000002
920,0,0.309248396,0.000000012
921,0,0.250836760,0.000000439
922,0,0.263924045,0.000000002
923,0,0.187733345,0.000000377
924,0,0.311478446,0.000000009
925,0,0.300150340,0.000000995
926,0,0.339203441,0.000000433
927,0,0.345995119,0.000001487
928,0,0.406042167,0.000145527
929,0,0.282868783,0.000000419
930,0,0.262506801,0.000000053
931,0,0.280051516,0.000000043
932,0,0.306817085,0.000003419
933,0,0.346061243,0.000008079
934,0,0.000036873,0.000000000
935,0,0.336148300,0.000000026
936,0,0.347626297,0.000000070
937,0,0.344866652,0.000000186
938,0,0.003604163,0.000000000
939,0,0.356701537,0.000002537
940,0,0.096262182,0.000000001
941,0,0.181312509,0.000000102
942,0,0.259914392,0.000000662
943,0,0.254638853,0.000000002
944,0,0.246922275,0.000002757
945,0,0.302067360,0.000001224
946,0,0.222292409,0.000008301
947,0,0.287435542,0.000000059
948,0,0.238802350,0.000000174
949,0,0.342161979,0.000004033
950,0,0.369352203,0.000003372
951,0,0.040878244,0.000000001
952,0,0.277433059,0.000000097
953,0,0.315759751,0.000000030
954,0,0.255609843,0.000000674
955,0,0.272599690,0.000000010
956,0,0.295066594,0.000000047
957,0,0.330650352,0.000000087
958,0,0.322245049,0.000000047
959,0,0.022030558,0.000000000
960,0,0.449543229,0.000017319
961,0,0.257982784,0.000000138
962,0,0.296845677,0.000000206
963,0,0.226539226,0.000000007
964,0,0.289515046,0.000000008
965,0,0.297884080,0.000000024
966,0,0.314794016,0.000000057
967,0,0.338021263,0.000004723
968,0,0.295252205,0.000000008
969,0,0.019713764,0.000000000
970,0,0.280483971,0.000000129
971,0,0.324037204,0.000001052
972,0,0.332860900,0.000001785
973,0,0.357966108,0.000000747
974,0,0.209959221,0.000000002
975,0,0.370309903,0.000005977
976,0,0.267622999,0.000000048
977,0,0.227963947,0.000000166
978,0,0.252047242,0.000000024
979,0,0.074884451,0.000000086
980,0,0.214140555,0.000000034
981,0,0.154385961,0.000000019
982,0,0.246926748,0.000001158
983,0,0.288816508,0.000000015
984,0,0.309961711,0.000000096
985,1,1.000000000,1.000000000
986,0,0.322458551,0.000002268
987,0,0.318900803,0.000002276
988,0,0.229526878,0.000000002
989,0,0.243254700,0.000000003
990,0,0.315269914,0.000000057
991,0,0.227575658,0.000000001
992,0,0.297015420,0.000000012
993,0,0.188350029,0.000000019
994,0,0.183462475,0.000000019
995,0,0.322881115,0.000001047
996,0,0.331324361,0.000004899
997,0,0.318215462,0.000000855
998,0,0.340757824,0.000002969
999,0,0.229676383,0.000000046
