id,y_true,score
0,1,0.908477270
1,1,0.912743356
2,1,0.933663498
3,1,0.938041328
4,1,0.895807921
5,1,0.903506410
6,1,0.901779613
7,1,0.894915548
8,1,0.818911312
9,1,0.825803051
10,1,0.776784088
11,1,0.755521528
12,1,0.688432279
13,1,0.670088378
14,1,0.646633759
15,1,0.640006533
16,0,0.688048001
17,0,0.647620495
18,0,0.652870335
19,1,0.557871360
20,0,0.550926362
21,0,0.363097264
22,0,0.258650571
23,0,0.233046302
24,0,0.215330978
25,0,0.194794684
26,0,0.154197412
27,0,0.149709708
28,0,0.115300447
29,0,0.115236395
30,0,0.110372446
31,0,0.090135786
32,0,0.092905349
33,0,0.086742574
34,0,0.087242013
35,0,0.086524477
36,0,0.076503219
37,0,0.072949034
38,0,0.069680440
39,0,0.071152407
40,0,0.070225918
41,0,0.072265350
42,0,0.069474201
43,0,0.070236221
44,0,0.066497508
45,0,0.068546781
46,0,0.067574269
47,0,0.066597684
48,0,0.063695089
49,0,0.063896006
50,0,0.062606563
51,0,0.064819262
52,0,0.062270750
53,0,0.062434658
54,0,0.061456253
55,0,0.060869301
56,0,0.061702673
57,0,0.060392512
58,0,0.063673057
59,0,0.061062395
60,0,0.060083168
61,0,0.054817114
62,0,0.053618857
63,0,0.054211235
64,0,0.052632664
65,0,0.049042351
66,0,0.050286836
67,0,0.050169803
68,0,0.049051716
69,0,0.050218651
70,0,0.050257554
71,0,0.049838258
72,0,0.046518898
73,0,0.045922782
74,0,0.046639497
75,0,0.045600115
76,0,0.046611578
77,0,0.046702511
78,0,0.044544273
79,0,0.045663565
80,0,0.045466843
81,0,0.047398862
82,0,0.043372801
83,1,0.047841838
84,1,0.065389647
85,1,0.068864822
86,1,0.079785880
87,1,0.084160407
88,1,0.146327135
89,1,0.211151993
90,1,0.229034415
91,1,0.329380595
92,1,0.449937530
93,1,0.532927503
94,1,0.585631510
95,1,0.707682678
96,1,0.762156510
97,1,0.795079305
98,1,0.846761709
99,1,0.863630517
100,1,0.885946365
101,1,0.887515802
102,1,0.893040225
103,1,0.906781138
104,1,0.911394207
105,1,0.912656350
106,1,0.917015219
107,1,0.912244230
108,1,0.906056237
109,1,0.899310909
110,1,0.893949984
111,1,0.862685432
112,1,0.855060640
113,1,0.853224972
114,1,0.849723474
115,1,0.846958844
116,1,0.850723165
117,1,0.854841113
118,1,0.854698694
119,1,0.870750501
120,1,0.872147652
121,0,0.838129180
122,1,0.806461216
123,1,0.839280338
124,1,0.889128125
125,1,0.908143855
126,1,0.933154789
127,1,0.944302923
128,1,0.946756936
129,1,0.960255735
130,1,0.965333394
131,1,0.967276844
132,1,0.970360258
133,1,0.971171008
134,1,0.975976331
135,1,0.977636201
136,1,0.973016802
137,1,0.971577040
138,1,0.971839334
139,1,0.974136552
140,1,0.974732905
141,1,0.967442236
142,1,0.966683984
143,1,0.949044751
144,1,0.946068475
145,0,0.844929003
146,0,0.818036373
147,0,0.740990686
148,0,0.581127281
149,0,0.561215405
150,0,0.451549221
151,0,0.299847208
152,0,0.302046865
153,0,0.208923431
154,0,0.190542842
155,0,0.186090065
156,0,0.178865096
157,0,0.164536927
158,0,0.165600799
159,0,0.137803801
160,0,0.116858734
161,0,0.113366519
162,0,0.113223989
163,0,0.111480822
164,0,0.109262871
165,0,0.110373490
166,0,0.111280056
167,0,0.106227967
168,0,0.105004210
169,0,0.105676396
170,0,0.109145220
171,0,0.102945055
172,0,0.090695020
173,0,0.084848662
174,0,0.084378250
175,0,0.083517564
176,0,0.080900049
177,0,0.072110696
178,0,0.069607438
179,0,0.069191540
180,0,0.068634053
181,0,0.069155853
182,0,0.069188760
183,0,0.066198917
184,0,0.066522821
185,0,0.067019640
186,0,0.065827991
187,0,0.068025649
188,0,0.067561779
189,0,0.064306293
190,0,0.062665475
191,0,0.061475330
192,0,0.059158165
193,0,0.056398352
194,0,0.056395538
195,0,0.057963103
196,0,0.057746613
197,0,0.057447365
198,0,0.058823184
199,0,0.059873096
200,0,0.058527707
201,0,0.059446861
202,0,0.060382876
203,0,0.059347366
204,0,0.060467475
205,0,0.060881592
206,0,0.056962979
207,1,0.066149231
208,0,0.084527709
209,1,0.118672267
210,1,0.122271063
211,1,0.139748340
212,1,0.193485589
213,1,0.252224536
214,1,0.295846751
215,1,0.377148710
216,1,0.717588441
217,1,0.857087911
218,1,0.873365599
219,1,0.892602917
220,1,0.919444763
221,1,0.940309764
222,1,0.958081179
223,1,0.966792736
224,1,0.974636621
225,1,0.976674511
226,1,0.972769361
227,1,0.674843744
228,1,0.672680872
229,1,0.695230810
230,1,0.426473458
231,1,0.389980358
232,1,0.382756542
233,1,0.352056840
234,1,0.357529947
235,1,0.411657170
236,1,0.413325101
237,1,0.365119629
238,1,0.329789501
239,1,0.281923443
240,1,0.173171291
241,1,0.162967804
242,1,0.155943446
243,0,0.146938493
244,0,0.151223936
245,0,0.151727104
246,0,0.152318686
247,0,0.143491491
248,0,0.117920052
249,0,0.073644803
250,0,0.069903446
251,0,0.073902304
252,0,0.074741643
253,0,0.062143314
254,0,0.060143469
255,0,0.052160429
256,0,0.047616356
257,0,0.050326906
258,0,0.045388681
259,0,0.047009377
260,0,0.045207018
261,0,0.048657557
262,0,0.047287998
263,0,0.046093441
264,0,0.048633406
265,0,0.044842574
266,0,0.051789566
267,0,0.056275155
268,0,0.054995673
269,0,0.059749679
270,0,0.061341689
271,0,0.059062853
272,0,0.063999320
273,0,0.063089801
274,0,0.080000272
275,0,0.077964937
276,0,0.089633214
277,0,0.091573187
278,0,0.092446699
279,0,0.098515093
280,0,0.132452318
281,0,0.136279691
282,0,0.125558787
283,0,0.120954143
284,0,0.122055352
285,0,0.102567645
286,0,0.103929067
287,0,0.099404365
288,0,0.100349833
289,0,0.102998705
290,0,0.104229578
291,0,0.098465989
292,0,0.112374659
293,0,0.119956615
294,0,0.111503465
295,0,0.172883717
296,0,0.264079700
297,0,0.247263150
298,0,0.232294692
299,0,0.345399371
300,0,0.358176196
301,0,0.459408714
302,1,0.189693287
303,1,0.247529442
304,1,0.289047144
305,1,0.284161247
306,1,0.529652191
307,1,0.591415710
308,1,0.816040650
309,1,0.934605212
310,1,0.936180165
311,1,0.793200690
312,1,0.790943237
313,0,0.830969684
314,0,0.839770487
315,0,0.852989060
316,0,0.843132574
317,0,0.835827466
318,0,0.853458885
319,0,0.826845367
320,0,0.812955052
321,0,0.813056250
322,0,0.798909748
323,0,0.783509464
324,0,0.794731271
325,0,0.784958491
326,0,0.776389914
327,1,0.827816784
328,1,0.825467456
329,0,0.810131480
330,0,0.806759275
331,0,0.777749513
332,0,0.725038854
333,0,0.628608291
334,0,0.517510364
335,0,0.515978814
336,1,0.512444713
337,0,0.367411124
338,0,0.294862517
339,0,0.248644519
340,0,0.243133868
341,0,0.222818882
342,0,0.211259772
343,1,0.205952060
344,1,0.221245902
345,1,0.217761095
346,1,0.237964360
347,0,0.205114947
348,0,0.208636949
349,0,0.204615421
350,0,0.195101070
351,0,0.162397001
352,0,0.152610536
353,0,0.149420744
354,0,0.135929897
355,0,0.127033108
356,0,0.123986155
357,0,0.126374203
358,0,0.129432691
359,0,0.117588150
360,0,0.113974501
361,0,0.108834034
362,0,0.109966467
363,0,0.112085064
364,0,0.113620106
365,0,0.111655582
366,0,0.114616628
367,0,0.114560902
368,0,0.116315397
369,0,0.112393176
370,0,0.117468289
371,0,0.113024523
372,0,0.109945881
373,0,0.104611172
374,0,0.113115543
375,0,0.106374558
376,0,0.101910005
377,0,0.111819605
378,0,0.111130180
379,0,0.115630288
380,0,0.112431167
381,0,0.111790281
382,0,0.119330311
383,0,0.115728581
384,0,0.118671841
385,0,0.120209033
386,0,0.121110648
387,0,0.116816570
388,0,0.114042753
389,0,0.129830573
390,0,0.128263863
391,0,0.128995175
392,0,0.138922501
393,0,0.130807492
394,0,0.135626975
395,0,0.127197163
396,0,0.131954298
397,0,0.135376800
398,0,0.136374543
399,0,0.135391330
400,0,0.134076100
401,0,0.126187307
402,0,0.124018385
403,0,0.126203880
404,0,0.129906371
405,0,0.133943843
406,0,0.133493186
407,0,0.132305315
408,0,0.133557310
409,0,0.131823815
410,0,0.127730860
411,0,0.127730860
412,0,0.119987066
413,0,0.122378110
414,0,0.123594733
415,0,0.111933979
416,0,0.110705426
417,0,0.106949482
418,0,0.105954933
419,0,0.098824442
420,0,0.089256557
421,0,0.104805453
422,0,0.100292067
423,0,0.099352540
424,0,0.084900411
425,0,0.094638193
426,0,0.087246281
427,0,0.103579287
428,0,0.105158382
429,0,0.103490494
430,1,0.127292327
431,1,0.142878606
432,1,0.234682881
433,1,0.288289839
434,1,0.282476878
435,0,0.318161882
436,0,0.330751601
437,1,0.459980388
438,1,0.451033542
439,1,0.469325393
440,1,0.462123299
441,1,0.506435319
442,1,0.520123278
443,1,0.546534978
444,1,0.573248072
445,1,0.610487835
446,1,0.655187084
447,1,0.669483939
448,1,0.659105370
449,1,0.573748067
450,1,0.503187170
451,1,0.500470284
452,0,0.525700393
453,0,0.419836100
454,1,0.377549099
455,1,0.392936437
456,1,0.367828111
457,1,0.373763390
458,1,0.383455200
459,1,0.342966219
460,1,0.331488981
461,1,0.283353063
462,1,0.222698430
463,1,0.203268991
464,1,0.176689794
465,1,0.162409115
466,1,0.160880396
467,1,0.149770365
468,1,0.124921338
469,1,0.092958113
470,0,0.088318886
471,0,0.088914358
472,0,0.075238065
473,0,0.071290933
474,0,0.059268430
475,0,0.057731342
476,0,0.057392892
477,0,0.049376955
478,0,0.044028619
479,0,0.042676449
480,0,0.045011788
481,0,0.041685346
482,0,0.042404071
483,0,0.041012954
484,0,0.039941111
485,0,0.039356118
486,0,0.038962713
487,0,0.038686967
488,0,0.035180519
489,0,0.033394781
490,0,0.033551490
491,0,0.031423495
492,0,0.031721725
493,0,0.030922987
494,0,0.030739726
495,0,0.029542551
496,0,0.027647118
497,0,0.027494772
498,0,0.023906210
499,0,0.024306019
500,0,0.025091392
501,0,0.022986783
502,0,0.022713244
503,0,0.020570539
504,0,0.020178243
505,0,0.019636906
506,0,0.019423254
507,0,0.018956463
508,0,0.018616833
509,0,0.016973503
510,0,0.016699184
511,0,0.016699184
512,0,0.016472242
513,0,0.016194446
514,0,0.016685240
515,0,0.015903976
516,0,0.014388795
517,0,0.014087524
518,0,0.014241264
519,0,0.013751043
520,0,0.014928007
521,0,0.013812006
522,0,0.013671952
523,0,0.013660846
524,0,0.012365173
525,0,0.012212705
526,0,0.011874537
527,0,0.012388978
528,0,0.011484898
529,0,0.011200925
530,0,0.010936673
531,0,0.010503395
532,0,0.011324240
533,0,0.011371642
534,0,0.011728061
535,0,0.012481219
536,0,0.012092376
537,0,0.012584690
538,0,0.013639394
539,0,0.013797154
540,0,0.014189788
541,0,0.015545384
542,0,0.015545384
543,0,0.016739355
544,0,0.015708492
545,0,0.017101568
546,0,0.016280534
547,0,0.016444214
548,0,0.020575997
549,0,0.020313031
550,0,0.019909151
551,0,0.019846384
552,0,0.020146850
553,0,0.019569539
554,0,0.034821087
555,0,0.035493339
556,0,0.032536044
557,0,0.031143296
558,0,0.032540336
559,0,0.029553649
560,0,0.029470264
561,0,0.038140639
562,0,0.036377484
563,0,0.037282417
564,0,0.035412830
565,0,0.032371801
566,0,0.029115043
567,0,0.029813852
568,0,0.025273440
569,0,0.024940771
570,0,0.025325335
571,0,0.027683622
572,0,0.031584395
573,0,0.028726534
574,0,0.026360298
575,0,0.027049584
576,0,0.025940752
577,0,0.021125687
578,0,0.019370444
579,0,0.020263781
580,0,0.018647510
581,0,0.018005488
582,0,0.017978552
583,0,0.018068383
584,0,0.018898844
585,0,0.018873308
586,0,0.020887973
587,0,0.020944417
588,0,0.022526316
589,0,0.022661756
590,0,0.020990982
591,0,0.020921699
592,0,0.021891625
593,0,0.021839419
594,0,0.021278832
595,0,0.021795789
596,0,0.019138229
597,0,0.019781822
598,0,0.018617424
599,0,0.018450082
600,0,0.019820455
601,0,0.020070746
602,0,0.020010204
603,0,0.018447580
604,0,0.019118039
605,0,0.019146813
606,0,0.019855342
607,0,0.022160430
608,0,0.021505577
609,0,0.021808786
610,0,0.023370741
611,0,0.024291764
612,0,0.022403502
613,0,0.021870191
614,0,0.022207489
615,0,0.021330343
616,0,0.020846529
617,0,0.020812369
618,0,0.021446576
619,0,0.020625712
620,0,0.020621980
621,0,0.022182553
622,0,0.023130294
623,0,0.023928726
624,0,0.023729284
625,0,0.023169956
626,0,0.023862930
627,0,0.024145851
628,0,0.023717725
629,0,0.023812585
630,0,0.023670434
631,0,0.026404855
632,0,0.027011616
633,0,0.026758562
634,0,0.028158288
635,0,0.030843508
636,0,0.032461552
637,0,0.032751144
638,0,0.033249003
639,0,0.032738760
640,0,0.035459677
641,0,0.035287885
642,0,0.035269022
643,0,0.035794453
644,0,0.036110317
645,0,0.039961630
646,0,0.039488134
647,0,0.039474122
648,0,0.040778067
649,0,0.040246128
650,0,0.041626033
651,0,0.041101177
652,0,0.041183873
653,0,0.040822130
654,0,0.042052405
655,0,0.041228682
656,0,0.043132585
657,0,0.041395052
658,0,0.041639107
659,0,0.045312154
660,0,0.046577622
661,0,0.053389904
662,0,0.054134249
663,0,0.058300424
664,0,0.064894492
665,0,0.076451321
666,0,0.089043375
667,0,0.098571569
668,0,0.098623110
669,0,0.131028549
670,0,0.187856719
671,0,0.193535529
672,0,0.226151136
673,0,0.215718929
674,0,0.217702053
675,0,0.242331545
676,0,0.236974256
677,0,0.226024473
678,0,0.212788663
679,0,0.206864443
680,0,0.189866717
681,0,0.195376155
682,0,0.201831861
683,0,0.206913251
684,0,0.217797787
685,0,0.215204791
686,0,0.228132346
687,0,0.300574951
688,0,0.320750412
689,0,0.325622312
690,0,0.345638631
691,0,0.371927754
692,0,0.374797572
693,0,0.393491223
694,0,0.355137066
695,0,0.308110656
696,0,0.265589085
697,0,0.246433027
698,0,0.232817098
699,0,0.250525795
700,0,0.264929677
701,0,0.190918972
702,0,0.188975087
703,0,0.186357195
704,0,0.188495956
705,0,0.178660333
706,0,0.146844301
707,0,0.146057272
708,0,0.138135084
709,0,0.130195931
710,0,0.129582024
711,0,0.126766603
712,0,0.128389914
713,0,0.107280203
714,0,0.107579701
715,0,0.093664895
716,0,0.092092037
717,0,0.078863113
718,0,0.080786024
719,0,0.082186330
720,0,0.086512264
721,0,0.090033308
722,0,0.088785012
723,0,0.088043552
724,0,0.090298265
725,0,0.089013630
726,0,0.096540433
727,0,0.103152956
728,0,0.109294794
729,0,0.116092866
730,0,0.114054571
731,0,0.120162238
732,0,0.123281890
733,0,0.118059141
734,0,0.128893442
735,0,0.132499322
736,0,0.129307134
737,0,0.135270816
738,0,0.135661532
739,0,0.140818161
740,0,0.138906969
741,0,0.143744293
742,0,0.143744293
743,0,0.146966150
744,0,0.140768355
745,0,0.146060613
746,0,0.218340340
747,0,0.333035748
748,0,0.293445810
749,0,0.319069641
750,0,0.328134596
751,0,0.337331741
752,0,0.340607798
753,0,0.329153495
754,0,0.340765458
755,0,0.325844926
756,0,0.339052795
757,0,0.332616835
758,0,0.269061531
759,0,0.272530698
760,0,0.271316465
761,0,0.253232661
762,0,0.266659724
763,0,0.275028210
764,0,0.277196314
765,0,0.287095663
766,0,0.280785890
767,0,0.304912603
768,0,0.300853781
769,0,0.297983145
770,0,0.307693982
771,0,0.296586120
772,0,0.304202819
773,0,0.320001143
774,0,0.312228612
775,1,0.382439623
776,0,0.406179695
777,1,0.423718301
778,1,0.657410599
779,1,0.697700658
780,1,0.722352993
781,1,0.751016039
782,1,0.720390583
783,1,0.655930353
784,1,0.674349748
785,1,0.647899717
786,1,0.606583098
787,1,0.521689450
788,1,0.568583177
789,1,0.564759962
790,1,0.534793421
791,0,0.494220347
792,1,0.495146540
793,1,0.485182096
794,1,0.451755120
795,1,0.439634276
796,1,0.553812676
797,1,0.580549768
798,1,0.573390448
799,1,0.546408341
800,1,0.550439202
801,1,0.544984665
802,1,0.526686466
803,1,0.523475186
804,1,0.507594374
805,1,0.506263207
806,1,0.559087628
807,1,0.568837324
808,1,0.552663481
809,1,0.560231972
810,1,0.579392336
811,1,0.586852486
812,1,0.595939534
813,1,0.527941986
814,1,0.598626953
815,1,0.672461212
816,0,0.561244677
817,0,0.459067420
818,0,0.347802870
819,0,0.284715340
820,0,0.187218968
821,0,0.182143402
822,0,0.159246113
823,0,0.140342925
824,0,0.135196521
825,0,0.136396101
826,0,0.130980034
827,0,0.132881701
828,0,0.134654591
829,0,0.132814120
830,0,0.121888233
831,0,0.126310658
832,0,0.116482226
833,0,0.129792668
834,0,0.120519962
835,0,0.113795596
836,0,0.119208733
837,0,0.107213662
838,0,0.104146044
839,0,0.110609001
840,0,0.115848600
841,0,0.117847177
842,0,0.102910835
843,0,0.103789029
844,0,0.110218194
845,0,0.101719086
846,0,0.100777277
847,0,0.096537385
848,0,0.099843454
849,0,0.098709176
850,0,0.113651572
851,0,0.108025177
852,0,0.108202358
853,0,0.104214573
854,0,0.106235581
855,0,0.111036559
856,0,0.113790159
857,0,0.116603088
858,0,0.127679559
859,0,0.126510541
860,0,0.126841643
861,0,0.153367134
862,0,0.138166816
863,0,0.142607286
864,0,0.156147915
865,0,0.155187438
866,0,0.154785826
867,0,0.152728637
868,0,0.141859034
869,0,0.166354878
870,0,0.166780584
871,0,0.181505297
872,0,0.187093414
873,0,0.204052269
874,0,0.210329563
875,0,0.203493814
876,0,0.203787408
877,0,0.198771163
878,0,0.198859448
879,0,0.201313452
880,0,0.209318083
881,1,0.305958285
882,1,0.344956212
883,1,0.450831532
884,1,0.504881618
885,1,0.509674380
886,1,0.528119549
887,1,0.563516087
888,1,0.572766657
889,1,0.613766774
890,1,0.713858341
891,1,0.889074851
892,1,0.901995114
893,1,0.849524260
894,1,0.852193661
895,1,0.825949115
896,0,0.769458955
897,1,0.772161562
898,1,0.883877935
899,1,0.935419048
900,1,0.947061150
901,1,0.956516805
902,1,0.956707721
903,1,0.960223856
904,1,0.954361169
905,1,0.972362248
906,1,0.952570679
907,1,0.980494431
908,1,0.977435814
909,1,0.972103619
910,1,0.969622114
911,1,0.973529761
912,1,0.980491007
913,1,0.984715238
914,1,0.993122186
915,1,0.989320787
916,1,0.988721732
917,0,0.977625269
918,0,0.976666670
919,0,0.975813199
920,0,0.966267347
921,0,0.963569706
922,0,0.950625119
923,0,0.950191521
924,0,0.950950636
925,0,0.957156541
926,0,0.959487319
927,0,0.953833110
928,0,0.953492428
929,0,0.961282418
930,0,0.960124812
931,0,0.956715665
932,0,0.957677883
933,0,0.961260624
934,0,0.988791699
935,0,0.963599096
936,0,0.963275031
937,0,0.956808635
938,0,0.955654993
939,0,0.963969802
940,0,0.967916985
941,0,0.978296198
942,0,0.944088238
943,0,0.966005679
944,0,0.813690146
945,0,0.695090939
946,0,0.796548396
947,0,0.854933203
948,0,0.857200254
949,0,0.806928270
950,0,0.814320579
951,0,0.864089456
952,0,0.851055636
953,0,0.964934620
954,0,0.926782467
955,0,0.912008129
956,0,0.917602825
957,0,0.910955377
958,0,0.927229631
959,0,0.962675813
960,0,0.944315966
961,0,0.843282102
962,0,0.853787693
963,0,0.846693973
964,0,0.882754422
965,0,0.889637377
966,0,0.878897122
967,0,0.936403528
968,0,0.931984458
969,0,0.968913396
970,0,0.980347214
971,0,0.972389321
972,0,0.970909106
973,0,0.976291193
974,0,0.976362070
975,0,0.976781776
976,0,0.978780283
977,0,0.976148817
978,0,0.974220326
979,0,0.972715871
980,0,0.980619686
981,0,0.968632416
982,0,0.979719739
983,0,0.974389768
984,0,0.967698039
985,0,0.967984372
986,0,0.966889624
987,0,0.967892877
988,0,0.949637821
989,0,0.947382116
990,0,0.946158424
991,0,0.941102139
992,0,0.952681514
993,0,0.945979227
994,0,0.963873983
995,0,0.948950662
996,0,0.950771819
997,0,0.965229354
998,1,0.969131718
999,1,0.971625636
